date;constructorId;statusId;raceId;resultId;driverId;number;grid;positionOrder;points;laps;time_laps;rank;fastestLapTime;fastestLapSpeed;year;round;circuitId;GP_name;status;name;nationality
2018-03-25;10;1;989;23793;839;31.0;14;12;0.0;58;+1:00.278;10.0;1:27.600;217.93099999999998;2018;1;1;Australian Grand Prix;Finished;Force India;Indian
2018-03-25;10;1;989;23792;815;11.0;12;11;0.0;58;+46.817;11.0;1:27.633;217.84900000000002;2018;1;1;Australian Grand Prix;Finished;Force India;Indian
2018-03-25;5;11;989;23796;843;28.0;16;15;0.0;57;;13.0;1:28.176;216.507;2018;1;1;Australian Grand Prix;+1 Lap;Toro Rosso;Italian
2018-03-25;4;1;989;23788;807;27.0;7;7;6.0;58;+32.671;9.0;1:27.081;219.23;2018;1;1;Australian Grand Prix;Finished;Renault;French
2018-03-25;4;1;989;23791;832;55.0;9;10;1.0;58;+45.722;12.0;1:27.944;217.079;2018;1;1;Australian Grand Prix;Finished;Renault;French
2018-03-25;9;1;989;23785;817;3.0;8;4;12.0;58;+7.069;1.0;1:25.945;222.128;2018;1;1;Australian Grand Prix;Finished;Red Bull;Austrian
2018-03-25;15;1;989;23794;844;16.0;18;13;0.0;58;+1:15.759;15.0;1:28.759;215.085;2018;1;1;Australian Grand Prix;Finished;Sauber;Swiss
2018-03-25;6;1;989;23784;8;7.0;2;3;15.0;58;+6.309;2.0;1:26.373;221.02700000000002;2018;1;1;Australian Grand Prix;Finished;Ferrari;Italian
2018-03-25;6;1;989;23782;20;5.0;3;1;25.0;58;1:29:33.283;4.0;1:26.469;220.782;2018;1;1;Australian Grand Prix;Finished;Ferrari;Italian
2018-03-25;131;1;989;23789;822;77.0;15;8;4.0;58;+34.339;8.0;1:27.019;219.386;2018;1;1;Australian Grand Prix;Finished;Mercedes;German
2018-03-25;131;1;989;23783;1;44.0;1;2;18.0;58;+5.036;3.0;1:26.444;220.845;2018;1;1;Australian Grand Prix;Finished;Mercedes;German
2018-03-25;210;36;989;23798;825;20.0;5;17;0.0;22;;17.0;1:29.534;213.22400000000002;2018;1;1;Australian Grand Prix;Wheel;Haas F1 Team;American
2018-03-25;9;1;989;23787;830;33.0;4;6;8.0;58;+28.945;5.0;1:26.880;219.737;2018;1;1;Australian Grand Prix;Finished;Red Bull;Austrian
2018-03-25;1;1;989;23790;838;2.0;11;9;2.0;58;+34.921;6.0;1:26.958;219.54;2018;1;1;Australian Grand Prix;Finished;McLaren;British
2018-03-25;1;1;989;23786;4;14.0;10;5;10.0;58;+27.886;7.0;1:26.978;219.489;2018;1;1;Australian Grand Prix;Finished;McLaren;British
2018-03-25;210;36;989;23797;154;8.0;6;16;0.0;24;;16.0;1:28.805;214.97400000000002;2018;1;1;Australian Grand Prix;Wheel;Haas F1 Team;American
2018-03-25;3;1;989;23795;840;18.0;13;14;0.0;58;+1:18.288;14.0;1:28.511;215.688;2018;1;1;Australian Grand Prix;Finished;Williams;British
2018-03-25;15;38;989;23800;828;9.0;17;19;0.0;5;;19.0;1:32.210;207.03599999999997;2018;1;1;Australian Grand Prix;Steering;Sauber;Swiss
2018-03-25;3;23;989;23801;845;35.0;19;20;0.0;4;;20.0;1:32.573;206.22400000000002;2018;1;1;Australian Grand Prix;Brakes;Williams;British
2018-03-25;5;5;989;23799;842;10.0;20;18;0.0;13;;18.0;1:30.649;210.601;2018;1;1;Australian Grand Prix;Engine;Toro Rosso;Italian
2018-04-08;3;11;990;23815;840;18.0;20;14;0.0;56;;13.0;1:35.058;204.96099999999998;2018;2;3;Bahrain Grand Prix;+1 Lap;Williams;British
2018-04-08;3;11;990;23816;845;35.0;18;15;0.0;56;;3.0;1:34.053;207.15099999999998;2018;2;3;Bahrain Grand Prix;+1 Lap;Williams;British
2018-04-08;15;11;990;23813;844;16.0;19;12;0.0;56;;14.0;1:35.075;204.924;2018;2;3;Bahrain Grand Prix;+1 Lap;Sauber;Swiss
2018-04-08;210;11;990;23814;154;8.0;16;13;0.0;56;;10.0;1:34.689;205.75900000000001;2018;2;3;Bahrain Grand Prix;+1 Lap;Haas F1 Team;American
2018-04-08;9;10;990;23821;817;3.0;4;20;0.0;1;;0.0;;;2018;2;3;Bahrain Grand Prix;Electrical;Red Bull;Austrian
2018-04-08;6;1;990;23802;20;5.0;1;1;25.0;57;1:32:01.940;7.0;1:34.453;206.274;2018;2;3;Bahrain Grand Prix;Finished;Ferrari;Italian
2018-04-08;15;11;990;23810;828;9.0;17;9;2.0;56;;15.0;1:35.093;204.885;2018;2;3;Bahrain Grand Prix;+1 Lap;Sauber;Swiss
2018-04-08;4;1;990;23807;807;27.0;7;6;8.0;57;+1:39.024;9.0;1:34.667;205.80700000000002;2018;2;3;Bahrain Grand Prix;Finished;Renault;French
2018-04-08;10;11;990;23817;815;11.0;12;16;0.0;56;;17.0;1:35.266;204.513;2018;2;3;Bahrain Grand Prix;+1 Lap;Force India;Indian
2018-04-08;5;11;990;23818;843;28.0;11;17;0.0;56;;8.0;1:34.563;206.03400000000002;2018;2;3;Bahrain Grand Prix;+1 Lap;Toro Rosso;Italian
2018-04-08;9;29;990;23820;830;33.0;15;19;0.0;3;;0.0;;;2018;2;3;Bahrain Grand Prix;Puncture;Red Bull;Austrian
2018-04-08;4;11;990;23812;832;55.0;10;11;0.0;56;;18.0;1:35.535;203.937;2018;2;3;Bahrain Grand Prix;+1 Lap;Renault;French
2018-04-08;10;11;990;23811;839;31.0;8;10;1.0;56;;12.0;1:35.043;204.993;2018;2;3;Bahrain Grand Prix;+1 Lap;Force India;Indian
2018-04-08;1;11;990;23808;4;14.0;13;7;6.0;56;;4.0;1:34.168;206.898;2018;2;3;Bahrain Grand Prix;+1 Lap;McLaren;British
2018-04-08;131;1;990;23804;1;44.0;9;3;15.0;57;+6.512;2.0;1:33.953;207.37099999999998;2018;2;3;Bahrain Grand Prix;Finished;Mercedes;German
2018-04-08;131;1;990;23803;822;77.0;3;2;18.0;57;+0.699;1.0;1:33.740;207.842;2018;2;3;Bahrain Grand Prix;Finished;Mercedes;German
2018-04-08;6;36;990;23819;8;7.0;2;18;0.0;35;;6.0;1:34.337;206.52700000000002;2018;2;3;Bahrain Grand Prix;Wheel;Ferrari;Italian
2018-04-08;5;1;990;23805;842;10.0;5;4;12.0;57;+1:02.234;11.0;1:34.863;205.382;2018;2;3;Bahrain Grand Prix;Finished;Toro Rosso;Italian
2018-04-08;1;11;990;23809;838;2.0;14;8;4.0;56;;16.0;1:35.131;204.803;2018;2;3;Bahrain Grand Prix;+1 Lap;McLaren;British
2018-04-08;210;1;990;23806;825;20.0;6;5;10.0;57;+1:15.046;5.0;1:34.327;206.549;2018;2;3;Bahrain Grand Prix;Finished;Haas F1 Team;American
2018-04-15;15;1;991;23837;828;9.0;20;16;0.0;56;+1:02.604;16.0;1:38.386;199.455;2018;3;17;Chinese Grand Prix;Finished;Sauber;Swiss
2018-04-15;15;1;991;23840;844;16.0;19;19;0.0;56;+1:22.575;19.0;1:38.808;198.60299999999998;2018;3;17;Chinese Grand Prix;Finished;Sauber;Swiss
2018-04-15;9;1;991;23826;830;33.0;5;5;10.0;56;+20.436;2.0;1:36.206;203.97400000000002;2018;3;17;Chinese Grand Prix;Finished;Red Bull;Austrian
2018-04-15;6;1;991;23829;20;5.0;1;8;4.0;56;+35.286;9.0;1:37.479;201.31099999999998;2018;3;17;Chinese Grand Prix;Finished;Ferrari;Italian
2018-04-15;10;1;991;23833;815;11.0;8;12;0.0;56;+44.725;10.0;1:37.673;200.91099999999997;2018;3;17;Chinese Grand Prix;Finished;Force India;Indian
2018-04-15;10;1;991;23832;839;31.0;12;11;0.0;56;+44.050;12.0;1:37.985;200.271;2018;3;17;Chinese Grand Prix;Finished;Force India;Indian
2018-04-15;4;1;991;23830;832;55.0;9;9;2.0;56;+35.763;11.0;1:37.754;200.74400000000003;2018;3;17;Chinese Grand Prix;Finished;Renault;French
2018-04-15;4;1;991;23827;807;27.0;7;6;8.0;56;+21.052;5.0;1:36.881;202.553;2018;3;17;Chinese Grand Prix;Finished;Renault;French
2018-04-15;3;1;991;23835;840;18.0;18;14;0.0;56;+55.490;17.0;1:38.500;199.22400000000002;2018;3;17;Chinese Grand Prix;Finished;Williams;British
2018-04-15;131;1;991;23823;822;77.0;3;2;18.0;56;+8.894;6.0;1:36.987;202.332;2018;3;17;Chinese Grand Prix;Finished;Mercedes;German
2018-04-15;131;1;991;23825;1;44.0;4;4;12.0;56;+16.985;4.0;1:36.878;202.55900000000003;2018;3;17;Chinese Grand Prix;Finished;Mercedes;German
2018-04-15;5;130;991;23841;843;28.0;15;20;0.0;51;;20.0;1:39.376;197.468;2018;3;17;Chinese Grand Prix;Collision damage;Toro Rosso;Italian
2018-04-15;1;1;991;23828;4;14.0;13;7;6.0;56;+30.639;7.0;1:37.234;201.81799999999998;2018;3;17;Chinese Grand Prix;Finished;McLaren;British
2018-04-15;1;1;991;23834;838;2.0;14;13;0.0;56;+49.373;13.0;1:38.137;199.96099999999998;2018;3;17;Chinese Grand Prix;Finished;McLaren;British
2018-04-15;3;1;991;23836;845;35.0;16;15;0.0;56;+58.241;18.0;1:38.624;198.97299999999998;2018;3;17;Chinese Grand Prix;Finished;Williams;British
2018-04-15;210;1;991;23838;154;8.0;10;17;0.0;56;+1:05.296;8.0;1:37.410;201.453;2018;3;17;Chinese Grand Prix;Finished;Haas F1 Team;American
2018-04-15;210;1;991;23831;825;20.0;11;10;1.0;56;+39.594;14.0;1:38.152;199.93;2018;3;17;Chinese Grand Prix;Finished;Haas F1 Team;American
2018-04-15;5;1;991;23839;842;10.0;17;18;0.0;56;+1:06.330;15.0;1:38.367;199.493;2018;3;17;Chinese Grand Prix;Finished;Toro Rosso;Italian
2018-04-15;6;1;991;23824;8;7.0;2;3;15.0;56;+9.637;3.0;1:36.456;203.446;2018;3;17;Chinese Grand Prix;Finished;Ferrari;Italian
2018-04-15;9;1;991;23822;817;3.0;6;1;25.0;56;1:35:36.380;1.0;1:35.785;204.87099999999998;2018;3;17;Chinese Grand Prix;Finished;Red Bull;Austrian
2018-04-29;6;1;992;23845;20;5.0;1;4;12.0;51;+5.329;4.0;1:45.530;204.783;2018;4;73;Azerbaijan Grand Prix;Finished;Ferrari;Italian
2018-04-29;10;1;992;23844;815;11.0;8;3;15.0;51;+4.024;6.0;1:46.206;203.48;2018;4;73;Azerbaijan Grand Prix;Finished;Force India;Indian
2018-04-29;6;1;992;23843;8;7.0;6;2;18.0;51;+2.460;7.0;1:46.523;202.87400000000002;2018;4;73;Azerbaijan Grand Prix;Finished;Ferrari;Italian
2018-04-29;210;3;992;23856;154;8.0;20;15;0.0;42;;10.0;1:46.880;202.196;2018;4;73;Azerbaijan Grand Prix;Accident;Haas F1 Team;American
2018-04-29;1;1;992;23850;838;2.0;16;9;2.0;51;+14.152;13.0;1:47.666;200.72;2018;4;73;Azerbaijan Grand Prix;Finished;McLaren;British
2018-04-29;4;1;992;23846;832;55.0;9;5;10.0;51;+7.515;9.0;1:46.856;202.24200000000002;2018;4;73;Azerbaijan Grand Prix;Finished;Renault;French
2018-04-29;3;4;992;23861;845;35.0;11;20;0.0;0;;0.0;;;2018;4;73;Azerbaijan Grand Prix;Collision;Williams;British
2018-04-29;210;1;992;23854;825;20.0;15;13;0.0;51;+40.663;16.0;1:48.155;199.813;2018;4;73;Azerbaijan Grand Prix;Finished;Haas F1 Team;American
2018-04-29;5;1;992;23851;843;28.0;19;10;1.0;51;+18.030;17.0;1:48.288;199.567;2018;4;73;Azerbaijan Grand Prix;Finished;Toro Rosso;Italian
2018-04-29;5;1;992;23853;842;10.0;17;12;0.0;51;+24.720;15.0;1:48.035;200.035;2018;4;73;Azerbaijan Grand Prix;Finished;Toro Rosso;Italian
2018-04-29;4;3;992;23859;807;27.0;14;18;0.0;10;;18.0;1:48.867;198.50599999999997;2018;4;73;Azerbaijan Grand Prix;Accident;Renault;French
2018-04-29;3;1;992;23849;840;18.0;10;8;4.0;51;+12.546;8.0;1:46.815;202.31900000000002;2018;4;73;Azerbaijan Grand Prix;Finished;Williams;British
2018-04-29;131;29;992;23855;822;77.0;3;14;0.0;48;;1.0;1:45.149;205.525;2018;4;73;Azerbaijan Grand Prix;Puncture;Mercedes;German
2018-04-29;9;4;992;23858;817;3.0;4;17;0.0;39;;3.0;1:45.419;204.99900000000002;2018;4;73;Azerbaijan Grand Prix;Collision;Red Bull;Austrian
2018-04-29;15;1;992;23847;844;16.0;13;6;8.0;51;+9.158;11.0;1:47.403;201.21200000000002;2018;4;73;Azerbaijan Grand Prix;Finished;Sauber;Swiss
2018-04-29;1;1;992;23848;4;14.0;12;7;6.0;51;+10.931;12.0;1:47.449;201.12599999999998;2018;4;73;Azerbaijan Grand Prix;Finished;McLaren;British
2018-04-29;10;4;992;23860;839;31.0;7;19;0.0;0;;0.0;;;2018;4;73;Azerbaijan Grand Prix;Collision;Force India;Indian
2018-04-29;9;4;992;23857;830;33.0;5;16;0.0;39;;5.0;1:45.771;204.31599999999997;2018;4;73;Azerbaijan Grand Prix;Collision;Red Bull;Austrian
2018-04-29;131;1;992;23842;1;44.0;2;1;25.0;51;1:43:44.291;2.0;1:45.412;205.012;2018;4;73;Azerbaijan Grand Prix;Finished;Mercedes;German
2018-04-29;15;1;992;23852;828;9.0;18;11;0.0;51;+18.512;14.0;1:47.925;200.239;2018;4;73;Azerbaijan Grand Prix;Finished;Sauber;Swiss
2018-05-13;6;101;993;23878;8;7.0;4;17;0.0;25;;11.0;1:21.531;205.541;2018;5;4;Spanish Grand Prix;Turbo;Ferrari;Italian
2018-05-13;1;11;993;23869;4;14.0;8;8;4.0;65;;7.0;1:20.727;207.588;2018;5;4;Spanish Grand Prix;+1 Lap;McLaren;British
2018-05-13;10;12;993;23870;815;11.0;15;9;2.0;64;;8.0;1:21.128;206.562;2018;5;4;Spanish Grand Prix;+2 Laps;Force India;Indian
2018-05-13;4;11;993;23868;832;55.0;9;7;6.0;65;;9.0;1:21.324;206.06400000000002;2018;5;4;Spanish Grand Prix;+1 Lap;Renault;French
2018-05-13;3;13;993;23875;845;35.0;19;14;0.0;63;;17.0;1:22.680;202.685;2018;5;4;Spanish Grand Prix;+3 Laps;Williams;British
2018-05-13;15;12;993;23874;828;9.0;17;13;0.0;64;;15.0;1:22.487;203.15900000000002;2018;5;4;Spanish Grand Prix;+2 Laps;Sauber;Swiss
2018-05-13;5;4;993;23880;842;10.0;12;19;0.0;0;;0.0;;;2018;5;4;Spanish Grand Prix;Collision;Toro Rosso;Italian
2018-05-13;5;12;993;23873;843;28.0;20;12;0.0;64;;10.0;1:21.439;205.773;2018;5;4;Spanish Grand Prix;+2 Laps;Toro Rosso;Italian
2018-05-13;4;4;993;23881;807;27.0;16;20;0.0;0;;0.0;;;2018;5;4;Spanish Grand Prix;Collision;Renault;French
2018-05-13;9;1;993;23866;817;3.0;6;5;10.0;66;+50.058;1.0;1:18.441;213.638;2018;5;4;Spanish Grand Prix;Finished;Red Bull;Austrian
2018-05-13;15;12;993;23871;844;16.0;14;10;1.0;64;;14.0;1:22.122;204.062;2018;5;4;Spanish Grand Prix;+2 Laps;Sauber;Swiss
2018-05-13;210;4;993;23879;154;8.0;10;18;0.0;0;;0.0;;;2018;5;4;Spanish Grand Prix;Collision;Haas F1 Team;American
2018-05-13;10;44;993;23877;839;31.0;13;16;0.0;38;;13.0;1:22.117;204.074;2018;5;4;Spanish Grand Prix;Oil leak;Force India;Indian
2018-05-13;9;1;993;23864;830;33.0;5;3;15.0;66;+26.873;4.0;1:19.422;210.99900000000002;2018;5;4;Spanish Grand Prix;Finished;Red Bull;Austrian
2018-05-13;210;11;993;23867;825;20.0;7;6;8.0;65;;6.0;1:20.246;208.832;2018;5;4;Spanish Grand Prix;+1 Lap;Haas F1 Team;American
2018-05-13;1;6;993;23876;838;2.0;11;15;0.0;45;;16.0;1:22.594;202.896;2018;5;4;Spanish Grand Prix;Gearbox;McLaren;British
2018-05-13;3;12;993;23872;840;18.0;18;11;0.0;64;;12.0;1:22.095;204.12900000000002;2018;5;4;Spanish Grand Prix;+2 Laps;Williams;British
2018-05-13;131;1;993;23863;822;77.0;2;2;18.0;66;+20.593;5.0;1:19.478;210.85;2018;5;4;Spanish Grand Prix;Finished;Mercedes;German
2018-05-13;6;1;993;23865;20;5.0;3;4;12.0;66;+27.584;2.0;1:19.128;211.783;2018;5;4;Spanish Grand Prix;Finished;Ferrari;Italian
2018-05-13;131;1;993;23862;1;44.0;1;1;25.0;66;1:35:29.972;3.0;1:19.133;211.77;2018;5;4;Spanish Grand Prix;Finished;Mercedes;German
2018-05-27;131;1;994;23884;1;44.0;3;3;15.0;78;+17.013;8.0;1:16.270;157.50799999999995;2018;6;6;Monaco Grand Prix;Finished;Mercedes;German
2018-05-27;131;1;994;23886;822;77.0;5;5;10.0;78;+18.822;9.0;1:16.312;157.422;2018;6;6;Monaco Grand Prix;Finished;Mercedes;German
2018-05-27;210;11;994;23896;154;8.0;18;15;0.0;77;;2.0;1:14.822;160.55700000000004;2018;6;6;Monaco Grand Prix;+1 Lap;Haas F1 Team;American
2018-05-27;1;6;994;23901;4;14.0;7;20;0.0;52;;13.0;1:17.018;155.97899999999996;2018;6;6;Monaco Grand Prix;Gearbox;McLaren;British
2018-05-27;6;1;994;23883;20;5.0;2;2;18.0;78;+7.336;7.0;1:16.065;157.933;2018;6;6;Monaco Grand Prix;Finished;Ferrari;Italian
2018-05-27;9;1;994;23890;830;33.0;20;9;2.0;78;+25.317;1.0;1:14.260;161.77200000000005;2018;6;6;Monaco Grand Prix;Finished;Red Bull;Austrian
2018-05-27;9;1;994;23882;817;3.0;1;1;25.0;78;1:42:54.807;5.0;1:15.562;158.984;2018;6;6;Monaco Grand Prix;Finished;Red Bull;Austrian
2018-05-27;5;1;994;23888;842;10.0;10;7;6.0;78;+24.331;15.0;1:17.099;155.815;2018;6;6;Monaco Grand Prix;Finished;Toro Rosso;Italian
2018-05-27;15;1;994;23892;828;9.0;16;11;0.0;78;+1:09.864;12.0;1:16.936;156.145;2018;6;6;Monaco Grand Prix;Finished;Sauber;Swiss
2018-05-27;10;1;994;23893;815;11.0;9;12;0.0;78;+1:10.461;19.0;1:17.546;154.917;2018;6;6;Monaco Grand Prix;Finished;Force India;Indian
2018-05-27;6;1;994;23885;8;7.0;4;4;12.0;78;+18.127;10.0;1:16.392;157.257;2018;6;6;Monaco Grand Prix;Finished;Ferrari;Italian
2018-05-27;10;1;994;23887;839;31.0;6;6;8.0;78;+23.667;14.0;1:17.027;155.96;2018;6;6;Monaco Grand Prix;Finished;Force India;Indian
2018-05-27;4;1;994;23889;807;27.0;11;8;4.0;78;+24.839;6.0;1:16.061;157.941;2018;6;6;Monaco Grand Prix;Finished;Renault;French
2018-05-27;4;1;994;23891;832;55.0;8;10;1.0;78;+1:09.013;18.0;1:17.491;155.02700000000004;2018;6;6;Monaco Grand Prix;Finished;Renault;French
2018-05-27;5;4;994;23900;843;28.0;15;19;0.0;70;;16.0;1:17.172;155.667;2018;6;6;Monaco Grand Prix;Collision;Toro Rosso;Italian
2018-05-27;3;12;994;23898;840;18.0;17;17;0.0;76;;3.0;1:14.944;160.295;2018;6;6;Monaco Grand Prix;+2 Laps;Williams;British
2018-05-27;1;11;994;23895;838;2.0;12;14;0.0;77;;11.0;1:16.864;156.291;2018;6;6;Monaco Grand Prix;+1 Lap;McLaren;British
2018-05-27;3;11;994;23897;845;35.0;13;16;0.0;77;;4.0;1:15.325;159.484;2018;6;6;Monaco Grand Prix;+1 Lap;Williams;British
2018-05-27;210;1;994;23894;825;20.0;19;13;0.0;78;+1:14.823;17.0;1:17.476;155.05700000000004;2018;6;6;Monaco Grand Prix;Finished;Haas F1 Team;American
2018-05-27;15;4;994;23899;844;16.0;14;18;0.0;70;;20.0;1:17.710;154.59;2018;6;6;Monaco Grand Prix;Collision;Sauber;Swiss
2018-06-10;9;1;995;23905;817;3.0;6;4;12.0;68;+20.892;5.0;1:14.159;211.701;2018;7;7;Canadian Grand Prix;Finished;Red Bull;Austrian
2018-06-10;5;11;995;23912;842;10.0;16;11;0.0;67;;14.0;1:15.699;207.395;2018;7;7;Canadian Grand Prix;+1 Lap;Toro Rosso;Italian
2018-06-10;6;1;995;23907;8;7.0;5;6;8.0;68;+27.184;4.0;1:14.075;211.94099999999997;2018;7;7;Canadian Grand Prix;Finished;Ferrari;Italian
2018-06-10;6;1;995;23902;20;5.0;1;1;25.0;68;1:28:31.377;2.0;1:13.964;212.26;2018;7;7;Canadian Grand Prix;Finished;Ferrari;Italian
2018-06-10;10;11;995;23910;839;31.0;8;9;2.0;67;;12.0;1:15.610;207.639;2018;7;7;Canadian Grand Prix;+1 Lap;Force India;Indian
2018-06-10;9;1;995;23904;830;33.0;3;3;15.0;68;+8.360;1.0;1:13.864;212.547;2018;7;7;Canadian Grand Prix;Finished;Red Bull;Austrian
2018-06-10;15;11;995;23911;844;16.0;13;10;1.0;67;;10.0;1:15.480;207.99599999999998;2018;7;7;Canadian Grand Prix;+1 Lap;Sauber;Swiss
2018-06-10;131;1;995;23903;822;77.0;2;2;18.0;68;+7.376;3.0;1:13.992;212.179;2018;7;7;Canadian Grand Prix;Finished;Mercedes;German
2018-06-10;210;11;995;23913;154;8.0;20;12;0.0;67;;9.0;1:15.470;208.024;2018;7;7;Canadian Grand Prix;+1 Lap;Haas F1 Team;American
2018-06-10;5;4;995;23920;843;28.0;12;19;0.0;0;;0.0;;;2018;7;7;Canadian Grand Prix;Collision;Toro Rosso;Italian
2018-06-10;3;4;995;23921;840;18.0;17;20;0.0;0;;0.0;;;2018;7;7;Canadian Grand Prix;Collision;Williams;British
2018-06-10;210;11;995;23914;825;20.0;11;13;0.0;67;;8.0;1:15.401;208.21400000000003;2018;7;7;Canadian Grand Prix;+1 Lap;Haas F1 Team;American
2018-06-10;15;12;995;23916;828;9.0;19;15;0.0;66;;18.0;1:16.403;205.484;2018;7;7;Canadian Grand Prix;+2 Laps;Sauber;Swiss
2018-06-10;10;11;995;23915;815;11.0;10;14;0.0;67;;7.0;1:15.100;209.049;2018;7;7;Canadian Grand Prix;+1 Lap;Force India;Indian
2018-06-10;3;12;995;23918;845;35.0;18;17;0.0;66;;16.0;1:15.924;206.78;2018;7;7;Canadian Grand Prix;+2 Laps;Williams;British
2018-06-10;1;12;995;23917;838;2.0;15;16;0.0;66;;15.0;1:15.765;207.21400000000003;2018;7;7;Canadian Grand Prix;+2 Laps;McLaren;British
2018-06-10;4;11;995;23909;832;55.0;9;8;4.0;67;;13.0;1:15.666;207.485;2018;7;7;Canadian Grand Prix;+1 Lap;Renault;French
2018-06-10;4;11;995;23908;807;27.0;7;7;6.0;67;;11.0;1:15.588;207.699;2018;7;7;Canadian Grand Prix;+1 Lap;Renault;French
2018-06-10;1;43;995;23919;4;14.0;14;18;0.0;40;;17.0;1:16.180;206.085;2018;7;7;Canadian Grand Prix;Exhaust;McLaren;British
2018-06-10;131;1;995;23906;1;44.0;4;5;10.0;68;+21.559;6.0;1:14.183;211.63299999999998;2018;7;7;Canadian Grand Prix;Finished;Mercedes;German
2018-06-24;210;11;996;23932;154;8.0;10;11;0.0;52;;10.0;1:35.695;219.773;2018;8;34;French Grand Prix;+1 Lap;Haas F1 Team;American
2018-06-24;6;1;996;23926;20;5.0;3;5;10.0;53;+1:01.935;4.0;1:34.485;222.58700000000002;2018;8;34;French Grand Prix;Finished;Ferrari;Italian
2018-06-24;3;11;996;23936;845;35.0;18;15;0.0;52;;16.0;1:38.300;213.949;2018;8;34;French Grand Prix;+1 Lap;Williams;British
2018-06-24;9;1;996;23923;830;33.0;4;2;18.0;53;+7.090;2.0;1:34.275;223.083;2018;8;34;French Grand Prix;Finished;Red Bull;Austrian
2018-06-24;210;1;996;23927;825;20.0;9;6;8.0;53;+1:19.364;8.0;1:35.425;220.395;2018;8;34;French Grand Prix;Finished;Haas F1 Team;American
2018-06-24;9;1;996;23925;817;3.0;5;4;12.0;53;+34.736;7.0;1:35.382;220.49400000000003;2018;8;34;French Grand Prix;Finished;Red Bull;Austrian
2018-06-24;10;5;996;23939;815;11.0;13;18;0.0;27;;17.0;1:38.319;213.907;2018;8;34;French Grand Prix;Engine;Force India;Indian
2018-06-24;6;1;996;23924;8;7.0;6;3;15.0;53;+25.888;3.0;1:34.398;222.792;2018;8;34;French Grand Prix;Finished;Ferrari;Italian
2018-06-24;1;11;996;23933;838;2.0;17;12;0.0;52;;14.0;1:36.675;217.545;2018;8;34;French Grand Prix;+1 Lap;McLaren;British
2018-06-24;5;4;996;23941;842;10.0;14;20;0.0;0;;0.0;;;2018;8;34;French Grand Prix;Collision;Toro Rosso;Italian
2018-06-24;1;36;996;23937;4;14.0;16;16;0.0;50;;6.0;1:35.133;221.071;2018;8;34;French Grand Prix;Wheel;McLaren;British
2018-06-24;4;1;996;23929;832;55.0;7;8;4.0;53;+1:27.184;9.0;1:35.638;219.90400000000002;2018;8;34;French Grand Prix;Finished;Renault;French
2018-06-24;4;1;996;23930;807;27.0;12;9;2.0;53;+1:31.989;11.0;1:35.873;219.365;2018;8;34;French Grand Prix;Finished;Renault;French
2018-06-24;15;1;996;23931;844;16.0;8;10;1.0;53;+1:33.873;12.0;1:35.977;219.127;2018;8;34;French Grand Prix;Finished;Sauber;Swiss
2018-06-24;10;4;996;23940;839;31.0;11;19;0.0;0;;0.0;;;2018;8;34;French Grand Prix;Collision;Force India;Indian
2018-06-24;5;11;996;23935;843;28.0;20;14;0.0;52;;15.0;1:36.839;217.176;2018;8;34;French Grand Prix;+1 Lap;Toro Rosso;Italian
2018-06-24;131;1;996;23928;822;77.0;2;7;6.0;53;+1:20.632;1.0;1:34.225;223.201;2018;8;34;French Grand Prix;Finished;Mercedes;German
2018-06-24;15;11;996;23934;828;9.0;15;13;0.0;52;;13.0;1:36.494;217.953;2018;8;34;French Grand Prix;+1 Lap;Sauber;Swiss
2018-06-24;3;29;996;23938;840;18.0;19;17;0.0;48;;18.0;1:38.319;213.907;2018;8;34;French Grand Prix;Puncture;Williams;British
2018-06-24;131;1;996;23922;1;44.0;1;1;25.0;53;1:30:11.385;5.0;1:34.509;222.53099999999998;2018;8;34;French Grand Prix;Finished;Mercedes;German
2018-07-01;210;11;997;23945;154;8.0;5;4;12.0;70;;16.0;1:09.071;225.055;2018;9;70;Austrian Grand Prix;+1 Lap;Haas F1 Team;American
2018-07-01;10;11;997;23947;839;31.0;11;6;8.0;70;;11.0;1:08.850;225.77700000000002;2018;9;70;Austrian Grand Prix;+1 Lap;Force India;Indian
2018-07-01;6;1;997;23944;20;5.0;6;3;15.0;71;+3.181;2.0;1:07.082;231.72799999999998;2018;9;70;Austrian Grand Prix;Finished;Ferrari;Italian
2018-07-01;9;43;997;23959;817;3.0;7;18;0.0;53;;5.0;1:07.591;229.983;2018;9;70;Austrian Grand Prix;Exhaust;Red Bull;Austrian
2018-07-01;131;9;997;23960;822;77.0;1;19;0.0;13;;15.0;1:09.044;225.143;2018;9;70;Austrian Grand Prix;Hydraulics;Mercedes;German
2018-07-01;3;12;997;23954;845;35.0;17;13;0.0;69;;13.0;1:08.971;225.38099999999997;2018;9;70;Austrian Grand Prix;+2 Laps;Williams;British
2018-07-01;1;11;997;23949;4;14.0;13;8;4.0;70;;9.0;1:08.661;226.399;2018;9;70;Austrian Grand Prix;+1 Lap;McLaren;British
2018-07-01;10;11;997;23948;815;11.0;16;7;6.0;70;;8.0;1:08.504;226.918;2018;9;70;Austrian Grand Prix;+1 Lap;Force India;Indian
2018-07-01;210;11;997;23946;825;20.0;8;5;10.0;70;;7.0;1:08.476;227.01;2018;9;70;Austrian Grand Prix;+1 Lap;Haas F1 Team;American
2018-07-01;6;1;997;23943;8;7.0;3;2;18.0;71;+1.504;1.0;1:06.957;232.16;2018;9;70;Austrian Grand Prix;Finished;Ferrari;Italian
2018-07-01;5;9;997;23958;843;28.0;19;17;0.0;54;;17.0;1:09.171;224.73;2018;9;70;Austrian Grand Prix;Hydraulics;Toro Rosso;Italian
2018-07-01;131;32;997;23957;1;44.0;2;16;0.0;62;;3.0;1:07.241;231.18;2018;9;70;Austrian Grand Prix;Fuel pressure;Mercedes;German
2018-07-01;3;12;997;23955;840;18.0;14;14;0.0;69;;18.0;1:09.203;224.62599999999998;2018;9;70;Austrian Grand Prix;+2 Laps;Williams;British
2018-07-01;4;11;997;23953;832;55.0;9;12;0.0;70;;10.0;1:08.766;226.053;2018;9;70;Austrian Grand Prix;+1 Lap;Renault;French
2018-07-01;15;11;997;23951;828;9.0;20;10;1.0;70;;6.0;1:08.216;227.87599999999998;2018;9;70;Austrian Grand Prix;+1 Lap;Sauber;Swiss
2018-07-01;1;130;997;23956;838;2.0;15;15;0.0;65;;12.0;1:08.894;225.63299999999998;2018;9;70;Austrian Grand Prix;Collision damage;McLaren;British
2018-07-01;9;1;997;23942;830;33.0;4;1;25.0;71;1:21:56.024;4.0;1:07.442;230.49099999999999;2018;9;70;Austrian Grand Prix;Finished;Red Bull;Austrian
2018-07-01;4;5;997;23961;807;27.0;10;20;0.0;11;;20.0;1:10.380;220.86900000000003;2018;9;70;Austrian Grand Prix;Engine;Renault;French
2018-07-01;5;11;997;23952;842;10.0;12;11;0.0;70;;19.0;1:09.295;224.327;2018;9;70;Austrian Grand Prix;+1 Lap;Toro Rosso;Italian
2018-07-01;15;11;997;23950;844;16.0;18;9;2.0;70;;14.0;1:09.006;225.267;2018;9;70;Austrian Grand Prix;+1 Lap;Sauber;Swiss
2018-07-08;131;1;998;23963;1;44.0;1;2;18.0;52;+2.264;3.0;1:31.245;232.424;2018;10;9;British Grand Prix;Finished;Mercedes;German
2018-07-08;15;27;998;23981;844;16.0;9;19;0.0;18;;19.0;1:35.209;222.747;2018;10;9;British Grand Prix;Tyre;Sauber;Swiss
2018-07-08;210;1;998;23970;825;20.0;7;9;2.0;52;+33.188;12.0;1:33.604;226.567;2018;10;9;British Grand Prix;Finished;Haas F1 Team;American
2018-07-08;9;23;998;23977;830;33.0;5;15;0.0;46;;6.0;1:32.007;230.49900000000002;2018;10;9;British Grand Prix;Brakes;Red Bull;Austrian
2018-07-08;210;4;998;23978;154;8.0;8;16;0.0;37;;16.0;1:34.391;224.678;2018;10;9;British Grand Prix;Collision;Haas F1 Team;American
2018-07-08;1;1;998;23972;838;2.0;17;11;0.0;52;+35.774;11.0;1:33.551;226.695;2018;10;9;British Grand Prix;Finished;McLaren;British
2018-07-08;1;1;998;23969;4;14.0;13;8;4.0;52;+31.115;10.0;1:33.482;226.862;2018;10;9;British Grand Prix;Finished;McLaren;British
2018-07-08;15;3;998;23980;828;9.0;15;18;0.0;31;;14.0;1:33.675;226.395;2018;10;9;British Grand Prix;Accident;Sauber;Swiss
2018-07-08;131;1;998;23965;822;77.0;4;4;12.0;52;+8.883;4.0;1:31.377;232.08900000000003;2018;10;9;British Grand Prix;Finished;Mercedes;German
2018-07-08;5;1;998;23974;842;10.0;14;13;0.0;52;+39.129;8.0;1:33.465;226.90400000000002;2018;10;9;British Grand Prix;Finished;Toro Rosso;Italian
2018-07-08;10;1;998;23971;815;11.0;12;10;1.0;52;+34.708;9.0;1:33.472;226.887;2018;10;9;British Grand Prix;Finished;Force India;Indian
2018-07-08;4;1;998;23967;807;27.0;11;6;8.0;52;+28.220;7.0;1:33.405;227.049;2018;10;9;British Grand Prix;Finished;Renault;French
2018-07-08;9;1;998;23966;817;3.0;6;5;10.0;52;+9.500;5.0;1:31.589;231.551;2018;10;9;British Grand Prix;Finished;Red Bull;Austrian
2018-07-08;10;1;998;23968;839;31.0;10;7;6.0;52;+29.930;13.0;1:33.606;226.562;2018;10;9;British Grand Prix;Finished;Force India;Indian
2018-07-08;6;1;998;23962;20;5.0;2;1;25.0;52;1:27:29.784;1.0;1:30.696;233.831;2018;10;9;British Grand Prix;Finished;Ferrari;Italian
2018-07-08;6;1;998;23964;8;7.0;3;3;15.0;52;+3.652;2.0;1:30.795;233.576;2018;10;9;British Grand Prix;Finished;Ferrari;Italian
2018-07-08;4;4;998;23979;832;55.0;16;17;0.0;37;;17.0;1:34.602;224.17700000000002;2018;10;9;British Grand Prix;Collision;Renault;French
2018-07-08;3;1;998;23973;840;18.0;19;12;0.0;52;+38.106;15.0;1:33.869;225.92700000000002;2018;10;9;British Grand Prix;Finished;Williams;British
2018-07-08;3;1;998;23975;845;35.0;18;14;0.0;52;+48.113;18.0;1:34.620;224.13400000000001;2018;10;9;British Grand Prix;Finished;Williams;British
2018-07-08;5;131;998;23982;843;28.0;0;20;0.0;1;;0.0;;;2018;10;9;British Grand Prix;Power Unit;Toro Rosso;Italian
2018-07-22;6;1;999;23985;8;7.0;3;3;15.0;67;+6.732;4.0;1:15.990;216.69099999999997;2018;11;10;German Grand Prix;Finished;Ferrari;Italian
2018-07-22;9;5;999;24002;817;3.0;20;20;0.0;27;;18.0;1:18.262;210.4;2018;11;10;German Grand Prix;Engine;Red Bull;Austrian
2018-07-22;10;1;999;23989;815;11.0;10;7;6.0;67;+30.556;15.0;1:17.867;211.468;2018;11;10;German Grand Prix;Finished;Force India;Indian
2018-07-22;4;1;999;23994;832;55.0;8;12;0.0;67;+43.069;7.0;1:17.430;212.66099999999997;2018;11;10;German Grand Prix;Finished;Renault;French
2018-07-22;10;1;999;23990;839;31.0;15;8;4.0;67;+31.750;17.0;1:17.941;211.267;2018;11;10;German Grand Prix;Finished;Force India;Indian
2018-07-22;4;1;999;23987;807;27.0;7;5;10.0;67;+26.609;16.0;1:17.910;211.351;2018;11;10;German Grand Prix;Finished;Renault;French
2018-07-22;15;1;999;23991;828;9.0;13;9;2.0;67;+32.362;12.0;1:17.745;211.8;2018;11;10;German Grand Prix;Finished;Sauber;Swiss
2018-07-22;9;1;999;23986;830;33.0;4;4;12.0;67;+7.654;3.0;1:15.852;217.085;2018;11;10;German Grand Prix;Finished;Red Bull;Austrian
2018-07-22;15;11;999;23997;844;16.0;9;15;0.0;66;;14.0;1:17.852;211.50900000000001;2018;11;10;German Grand Prix;+1 Lap;Sauber;Swiss
2018-07-22;6;3;999;24000;20;5.0;1;18;0.0;51;;6.0;1:17.290;213.046;2018;11;10;German Grand Prix;Accident;Ferrari;Italian
2018-07-22;1;31;999;23998;4;14.0;11;16;0.0;65;;11.0;1:17.741;211.81099999999998;2018;11;10;German Grand Prix;Retired;McLaren;British
2018-07-22;5;11;999;23996;842;10.0;16;14;0.0;66;;13.0;1:17.762;211.753;2018;11;10;German Grand Prix;+1 Lap;Toro Rosso;Italian
2018-07-22;5;1;999;23992;843;28.0;17;10;1.0;67;+34.197;9.0;1:17.681;211.97400000000002;2018;11;10;German Grand Prix;Finished;Toro Rosso;Italian
2018-07-22;131;1;999;23984;822;77.0;2;2;18.0;67;+4.535;2.0;1:15.721;217.46099999999998;2018;11;10;German Grand Prix;Finished;Mercedes;German
2018-07-22;3;5;999;24001;845;35.0;12;19;0.0;51;;20.0;1:18.934;208.609;2018;11;10;German Grand Prix;Engine;Williams;British
2018-07-22;3;5;999;23999;840;18.0;18;17;0.0;53;;19.0;1:18.861;208.80200000000002;2018;11;10;German Grand Prix;Engine;Williams;British
2018-07-22;1;1;999;23995;838;2.0;19;13;0.0;67;+46.617;8.0;1:17.537;212.368;2018;11;10;German Grand Prix;Finished;McLaren;British
2018-07-22;210;1;999;23993;825;20.0;5;11;0.0;67;+34.919;10.0;1:17.697;211.93;2018;11;10;German Grand Prix;Finished;Haas F1 Team;American
2018-07-22;210;1;999;23988;154;8.0;6;6;8.0;67;+28.871;5.0;1:16.716;214.641;2018;11;10;German Grand Prix;Finished;Haas F1 Team;American
2018-07-22;131;1;999;23983;1;44.0;14;1;25.0;67;1:32:29.845;1.0;1:15.545;217.968;2018;11;10;German Grand Prix;Finished;Mercedes;German
2018-07-29;1;11;1000;24010;4;14.0;11;8;4.0;69;;9.0;1:22.090;192.125;2018;12;11;Hungarian Grand Prix;+1 Lap;McLaren;British
2018-07-29;5;11;1000;24013;843;28.0;8;11;0.0;69;;11.0;1:22.612;190.91099999999997;2018;12;11;Hungarian Grand Prix;+1 Lap;Toro Rosso;Italian
2018-07-29;15;12;1000;24017;828;9.0;14;15;0.0;68;;17.0;1:23.671;188.495;2018;12;11;Hungarian Grand Prix;+2 Laps;Sauber;Swiss
2018-07-29;10;11;1000;24015;839;31.0;18;13;0.0;69;;14.0;1:22.876;190.303;2018;12;11;Hungarian Grand Prix;+1 Lap;Force India;Indian
2018-07-29;210;11;1000;24009;825;20.0;9;7;6.0;69;;6.0;1:21.302;193.987;2018;12;11;Hungarian Grand Prix;+1 Lap;Haas F1 Team;American
2018-07-29;10;11;1000;24016;815;11.0;19;14;0.0;69;;16.0;1:23.263;189.419;2018;12;11;Hungarian Grand Prix;+1 Lap;Force India;Indian
2018-07-29;15;22;1000;24022;844;16.0;17;20;0.0;0;;0.0;;;2018;12;11;Hungarian Grand Prix;Suspension;Sauber;Swiss
2018-07-29;131;1;1000;24003;1;44.0;1;1;25.0;70;1:37:16.427;4.0;1:21.107;194.454;2018;12;11;Hungarian Grand Prix;Finished;Mercedes;German
2018-07-29;131;1;1000;24007;822;77.0;2;5;10.0;70;+50.000;8.0;1:21.736;192.957;2018;12;11;Hungarian Grand Prix;Finished;Mercedes;German
2018-07-29;1;6;1000;24020;838;2.0;16;18;0.0;49;;15.0;1:23.077;189.843;2018;12;11;Hungarian Grand Prix;Gearbox;McLaren;British
2018-07-29;6;1;1000;24004;20;5.0;4;2;18.0;70;+17.123;2.0;1:20.056;197.007;2018;12;11;Hungarian Grand Prix;Finished;Ferrari;Italian
2018-07-29;9;1;1000;24006;817;3.0;12;4;12.0;70;+46.419;1.0;1:20.012;197.115;2018;12;11;Hungarian Grand Prix;Finished;Red Bull;Austrian
2018-07-29;5;1;1000;24008;842;10.0;6;6;8.0;70;+1:13.273;7.0;1:21.685;193.078;2018;12;11;Hungarian Grand Prix;Finished;Toro Rosso;Italian
2018-07-29;4;11;1000;24011;832;55.0;5;9;2.0;69;;13.0;1:22.774;190.53799999999998;2018;12;11;Hungarian Grand Prix;+1 Lap;Renault;French
2018-07-29;4;11;1000;24014;807;27.0;13;12;0.0;69;;5.0;1:21.261;194.085;2018;12;11;Hungarian Grand Prix;+1 Lap;Renault;French
2018-07-29;3;12;1000;24019;840;18.0;15;17;0.0;68;;12.0;1:22.660;190.8;2018;12;11;Hungarian Grand Prix;+2 Laps;Williams;British
2018-07-29;3;12;1000;24018;845;35.0;20;16;0.0;68;;18.0;1:23.708;188.412;2018;12;11;Hungarian Grand Prix;+2 Laps;Williams;British
2018-07-29;6;1;1000;24005;8;7.0;3;3;15.0;70;+20.101;3.0;1:20.292;196.428;2018;12;11;Hungarian Grand Prix;Finished;Ferrari;Italian
2018-07-29;210;11;1000;24012;154;8.0;10;10;1.0;69;;10.0;1:22.606;190.925;2018;12;11;Hungarian Grand Prix;+1 Lap;Haas F1 Team;American
2018-07-29;9;75;1000;24021;830;33.0;7;19;0.0;5;;19.0;1:23.985;187.79;2018;12;11;Hungarian Grand Prix;Power loss;Red Bull;Austrian
2018-08-26;10;1;1001;24028;839;31.0;3;6;8.0;44;+1:19.520;6.0;1:48.078;233.298;2018;13;13;Belgian Grand Prix;Finished;Force India;Indian
2018-08-26;10;1;1001;24027;815;11.0;4;5;10.0;44;+1:11.023;7.0;1:48.080;233.293;2018;13;13;Belgian Grand Prix;Finished;Force India;Indian
2018-08-26;1;3;1001;24041;4;14.0;15;19;0.0;0;;0.0;;;2018;13;13;Belgian Grand Prix;Accident;McLaren;British
2018-08-26;131;1;1001;24024;1;44.0;1;2;18.0;44;+11.061;3.0;1:46.721;236.264;2018;13;13;Belgian Grand Prix;Finished;Mercedes;German
2018-08-26;131;1;1001;24026;822;77.0;19;4;12.0;44;+1:03.605;1.0;1:46.286;237.231;2018;13;13;Belgian Grand Prix;Finished;Mercedes;German
2018-08-26;6;1;1001;24023;20;5.0;2;1;25.0;44;1:23:34.476;2.0;1:46.644;236.435;2018;13;13;Belgian Grand Prix;Finished;Ferrari;Italian
2018-08-26;3;11;1001;24035;840;18.0;17;13;0.0;43;;16.0;1:49.287;230.717;2018;13;13;Belgian Grand Prix;+1 Lap;Williams;British
2018-08-26;15;11;1001;24032;828;9.0;13;10;1.0;43;;11.0;1:48.694;231.976;2018;13;13;Belgian Grand Prix;+1 Lap;Sauber;Swiss
2018-08-26;1;11;1001;24037;838;2.0;18;15;0.0;43;;13.0;1:48.956;231.418;2018;13;13;Belgian Grand Prix;+1 Lap;McLaren;British
2018-08-26;4;3;1001;24042;807;27.0;20;20;0.0;0;;0.0;;;2018;13;13;Belgian Grand Prix;Accident;Renault;French
2018-08-26;5;11;1001;24036;843;28.0;11;14;0.0;43;;12.0;1:48.756;231.843;2018;13;13;Belgian Grand Prix;+1 Lap;Toro Rosso;Italian
2018-08-26;210;1;1001;24030;825;20.0;9;8;4.0;44;+1:27.639;5.0;1:47.937;233.602;2018;13;13;Belgian Grand Prix;Finished;Haas F1 Team;American
2018-08-26;15;3;1001;24040;844;16.0;12;18;0.0;0;;0.0;;;2018;13;13;Belgian Grand Prix;Accident;Sauber;Swiss
2018-08-26;9;1;1001;24025;830;33.0;7;3;15.0;44;+31.372;4.0;1:46.946;235.767;2018;13;13;Belgian Grand Prix;Finished;Red Bull;Austrian
2018-08-26;210;1;1001;24029;154;8.0;5;7;6.0;44;+1:25.953;8.0;1:48.283;232.856;2018;13;13;Belgian Grand Prix;Finished;Haas F1 Team;American
2018-08-26;4;11;1001;24033;832;55.0;14;11;0.0;43;;10.0;1:48.670;232.02700000000002;2018;13;13;Belgian Grand Prix;+1 Lap;Renault;French
2018-08-26;9;31;1001;24038;817;3.0;8;16;0.0;28;;15.0;1:49.242;230.812;2018;13;13;Belgian Grand Prix;Retired;Red Bull;Austrian
2018-08-26;3;11;1001;24034;845;35.0;16;12;0.0;43;;14.0;1:49.113;231.085;2018;13;13;Belgian Grand Prix;+1 Lap;Williams;British
2018-08-26;6;23;1001;24039;8;7.0;6;17;0.0;8;;17.0;1:54.320;220.55900000000003;2018;13;13;Belgian Grand Prix;Brakes;Ferrari;Italian
2018-08-26;5;1;1001;24031;842;10.0;10;9;2.0;44;+1:45.892;9.0;1:48.588;232.202;2018;13;13;Belgian Grand Prix;Finished;Toro Rosso;Italian
2018-09-02;210;2;1002;24062;154;8.0;6;20;0.0;53;+56.320;0.0;;;2018;14;14;Italian Grand Prix;Disqualified;Haas F1 Team;American
2018-09-02;10;1;1002;24048;839;31.0;8;6;8.0;53;+57.761;12.0;1:24.243;247.555;2018;14;14;Italian Grand Prix;Finished;Force India;Indian
2018-09-02;9;5;1002;24059;817;3.0;19;17;0.0;23;;18.0;1:25.692;243.36900000000003;2018;14;14;Italian Grand Prix;Engine;Red Bull;Austrian
2018-09-02;3;11;1002;24051;840;18.0;10;9;2.0;52;;9.0;1:24.056;248.106;2018;14;14;Italian Grand Prix;+1 Lap;Williams;British
2018-09-02;3;11;1002;24052;845;35.0;12;10;1.0;52;;14.0;1:24.580;246.56799999999998;2018;14;14;Italian Grand Prix;+1 Lap;Williams;British
2018-09-02;6;1;1002;24044;8;7.0;1;2;18.0;53;+8.705;4.0;1:23.515;249.713;2018;14;14;Italian Grand Prix;Finished;Ferrari;Italian
2018-09-02;131;1;1002;24043;1;44.0;3;1;25.0;53;1:16:54.484;1.0;1:22.497;252.794;2018;14;14;Italian Grand Prix;Finished;Mercedes;German
2018-09-02;131;1;1002;24045;822;77.0;4;3;15.0;53;+14.066;3.0;1:22.907;251.544;2018;14;14;Italian Grand Prix;Finished;Mercedes;German
2018-09-02;6;1;1002;24046;20;5.0;2;4;12.0;53;+16.151;2.0;1:22.505;252.77;2018;14;14;Italian Grand Prix;Finished;Ferrari;Italian
2018-09-02;15;11;1002;24053;844;16.0;15;11;0.0;52;;8.0;1:23.768;248.959;2018;14;14;Italian Grand Prix;+1 Lap;Sauber;Swiss
2018-09-02;5;23;1002;24061;843;28.0;16;19;0.0;0;;19.0;1:27.009;239.685;2018;14;14;Italian Grand Prix;Brakes;Toro Rosso;Italian
2018-09-02;4;1;1002;24050;832;55.0;7;8;4.0;53;+1:18.140;5.0;1:23.529;249.671;2018;14;14;Italian Grand Prix;Finished;Renault;French
2018-09-02;1;11;1002;24054;838;2.0;17;12;0.0;52;;13.0;1:24.504;246.79;2018;14;14;Italian Grand Prix;+1 Lap;McLaren;British
2018-09-02;1;5;1002;24060;4;14.0;13;18;0.0;9;;17.0;1:25.229;244.69099999999997;2018;14;14;Italian Grand Prix;Engine;McLaren;British
2018-09-02;9;1;1002;24047;830;33.0;5;5;10.0;53;+18.208;6.0;1:23.609;249.43200000000002;2018;14;14;Italian Grand Prix;Finished;Red Bull;Austrian
2018-09-02;5;11;1002;24056;842;10.0;9;14;0.0;52;;10.0;1:24.059;248.097;2018;14;14;Italian Grand Prix;+1 Lap;Toro Rosso;Italian
2018-09-02;210;11;1002;24058;825;20.0;11;16;0.0;52;;7.0;1:23.768;248.959;2018;14;14;Italian Grand Prix;+1 Lap;Haas F1 Team;American
2018-09-02;10;1;1002;24049;815;11.0;14;7;6.0;53;+58.678;11.0;1:24.179;247.743;2018;14;14;Italian Grand Prix;Finished;Force India;Indian
2018-09-02;4;11;1002;24055;807;27.0;20;13;0.0;52;;16.0;1:24.772;246.01;2018;14;14;Italian Grand Prix;+1 Lap;Renault;French
2018-09-02;15;11;1002;24057;828;9.0;18;15;0.0;52;;15.0;1:24.767;246.024;2018;14;14;Italian Grand Prix;+1 Lap;Sauber;Swiss
2018-09-16;1;11;1003;24074;838;2.0;18;12;0.0;60;;14.0;1:45.555;172.675;2018;15;15;Singapore Grand Prix;+1 Lap;McLaren;British
2018-09-16;6;1;1003;24067;8;7.0;5;5;10.0;61;+53.001;7.0;1:44.715;174.06099999999995;2018;15;15;Singapore Grand Prix;Finished;Ferrari;Italian
2018-09-16;6;1;1003;24065;20;5.0;3;3;15.0;61;+39.984;6.0;1:44.669;174.137;2018;15;15;Singapore Grand Prix;Finished;Ferrari;Italian
2018-09-16;1;1;1003;24069;4;14.0;11;7;6.0;61;+1:43.001;4.0;1:43.164;176.67700000000005;2018;15;15;Singapore Grand Prix;Finished;McLaren;British
2018-09-16;10;11;1003;24078;815;11.0;7;16;0.0;60;;13.0;1:45.389;172.947;2018;15;15;Singapore Grand Prix;+1 Lap;Force India;Indian
2018-09-16;15;11;1003;24073;828;9.0;14;11;0.0;60;;10.0;1:45.169;173.30900000000003;2018;15;15;Singapore Grand Prix;+1 Lap;Sauber;Swiss
2018-09-16;3;11;1003;24076;840;18.0;20;14;0.0;60;;17.0;1:46.033;171.89700000000005;2018;15;15;Singapore Grand Prix;+1 Lap;Williams;British
2018-09-16;9;1;1003;24064;830;33.0;2;2;18.0;61;+8.961;5.0;1:43.345;176.368;2018;15;15;Singapore Grand Prix;Finished;Red Bull;Austrian
2018-09-16;131;1;1003;24063;1;44.0;1;1;25.0;61;1:51:11.611;2.0;1:42.913;177.108;2018;15;15;Singapore Grand Prix;Finished;Mercedes;German
2018-09-16;131;1;1003;24066;822;77.0;4;4;12.0;61;+51.930;8.0;1:44.720;174.05200000000005;2018;15;15;Singapore Grand Prix;Finished;Mercedes;German
2018-09-16;3;12;1003;24081;845;35.0;19;19;0.0;59;;15.0;1:45.902;172.11;2018;15;15;Singapore Grand Prix;+2 Laps;Williams;British
2018-09-16;210;12;1003;24080;825;20.0;16;18;0.0;59;;1.0;1:41.905;178.86;2018;15;15;Singapore Grand Prix;+2 Laps;Haas F1 Team;American
2018-09-16;4;11;1003;24070;832;55.0;12;8;4.0;60;;12.0;1:45.211;173.24;2018;15;15;Singapore Grand Prix;+1 Lap;Renault;French
2018-09-16;4;11;1003;24072;807;27.0;10;10;1.0;60;;19.0;1:46.093;171.8;2018;15;15;Singapore Grand Prix;+1 Lap;Renault;French
2018-09-16;5;11;1003;24079;843;28.0;17;17;0.0;60;;9.0;1:44.889;173.77200000000005;2018;15;15;Singapore Grand Prix;+1 Lap;Toro Rosso;Italian
2018-09-16;5;11;1003;24075;842;10.0;15;13;0.0;60;;18.0;1:46.063;171.84799999999996;2018;15;15;Singapore Grand Prix;+1 Lap;Toro Rosso;Italian
2018-09-16;15;11;1003;24071;844;16.0;13;9;2.0;60;;11.0;1:45.203;173.253;2018;15;15;Singapore Grand Prix;+1 Lap;Sauber;Swiss
2018-09-16;9;1;1003;24068;817;3.0;6;6;8.0;61;+53.982;3.0;1:43.120;176.753;2018;15;15;Singapore Grand Prix;Finished;Red Bull;Austrian
2018-09-16;210;11;1003;24077;154;8.0;8;15;0.0;60;;16.0;1:45.904;172.106;2018;15;15;Singapore Grand Prix;+1 Lap;Haas F1 Team;American
2018-09-16;10;4;1003;24082;839;31.0;9;20;0.0;0;;0.0;;;2018;15;15;Singapore Grand Prix;Collision;Force India;Indian
2018-09-30;10;11;1004;24091;839;31.0;6;9;2.0;52;;12.0;1:38.366;214.025;2018;16;71;Russian Grand Prix;+1 Lap;Force India;Indian
2018-09-30;1;11;1004;24096;4;14.0;16;14;0.0;52;;15.0;1:39.590;211.394;2018;16;71;Russian Grand Prix;+1 Lap;McLaren;British
2018-09-30;3;12;1004;24100;845;35.0;13;18;0.0;51;;17.0;1:39.838;210.86900000000003;2018;16;71;Russian Grand Prix;+2 Laps;Williams;British
2018-09-30;3;11;1004;24097;840;18.0;14;15;0.0;52;;14.0;1:39.435;211.72400000000002;2018;16;71;Russian Grand Prix;+1 Lap;Williams;British
2018-09-30;5;23;1004;24102;843;28.0;20;20;0.0;4;;20.0;1:45.852;198.889;2018;16;71;Russian Grand Prix;Brakes;Toro Rosso;Italian
2018-09-30;5;23;1004;24101;842;10.0;17;19;0.0;4;;19.0;1:44.071;202.292;2018;16;71;Russian Grand Prix;Brakes;Toro Rosso;Italian
2018-09-30;6;1;1004;24086;8;7.0;4;4;12.0;53;+16.543;6.0;1:36.611;217.91299999999998;2018;16;71;Russian Grand Prix;Finished;Ferrari;Italian
2018-09-30;131;1;1004;24083;1;44.0;2;1;25.0;53;1:27:25.181;2.0;1:35.916;219.49200000000002;2018;16;71;Russian Grand Prix;Finished;Mercedes;German
2018-09-30;4;11;1004;24094;807;27.0;12;12;0.0;52;;13.0;1:39.108;212.422;2018;16;71;Russian Grand Prix;+1 Lap;Renault;French
2018-09-30;1;12;1004;24098;838;2.0;15;16;0.0;51;;18.0;1:39.922;210.692;2018;16;71;Russian Grand Prix;+2 Laps;McLaren;British
2018-09-30;210;11;1004;24090;825;20.0;5;8;4.0;52;;8.0;1:38.015;214.791;2018;16;71;Russian Grand Prix;+1 Lap;Haas F1 Team;American
2018-09-30;6;1;1004;24085;20;5.0;3;3;15.0;53;+7.487;3.0;1:35.990;219.322;2018;16;71;Russian Grand Prix;Finished;Ferrari;Italian
2018-09-30;131;1;1004;24084;822;77.0;1;2;18.0;53;+2.545;1.0;1:35.861;219.61700000000002;2018;16;71;Russian Grand Prix;Finished;Mercedes;German
2018-09-30;210;11;1004;24093;154;8.0;9;11;0.0;52;;10.0;1:38.244;214.29;2018;16;71;Russian Grand Prix;+1 Lap;Haas F1 Team;American
2018-09-30;9;1;1004;24088;817;3.0;18;6;8.0;53;+1:20.451;5.0;1:36.345;218.514;2018;16;71;Russian Grand Prix;Finished;Red Bull;Austrian
2018-09-30;9;1;1004;24087;830;33.0;19;5;10.0;53;+31.016;4.0;1:36.283;218.655;2018;16;71;Russian Grand Prix;Finished;Red Bull;Austrian
2018-09-30;15;1;1004;24089;844;16.0;7;7;6.0;53;+1:38.390;9.0;1:38.107;214.59;2018;16;71;Russian Grand Prix;Finished;Sauber;Swiss
2018-09-30;4;12;1004;24099;832;55.0;11;17;0.0;51;;16.0;1:39.731;211.095;2018;16;71;Russian Grand Prix;+2 Laps;Renault;French
2018-09-30;10;11;1004;24092;815;11.0;8;10;1.0;52;;11.0;1:38.300;214.168;2018;16;71;Russian Grand Prix;+1 Lap;Force India;Indian
2018-09-30;15;11;1004;24095;828;9.0;10;13;0.0;52;;7.0;1:37.931;214.975;2018;16;71;Russian Grand Prix;+1 Lap;Sauber;Swiss
2018-10-07;131;1;1005;24104;822;77.0;2;2;18.0;53;+12.919;3.0;1:33.110;224.521;2018;17;22;Japanese Grand Prix;Finished;Mercedes;German
2018-10-07;10;1;1005;24109;815;11.0;9;7;6.0;53;+1:19.379;9.0;1:34.073;222.22299999999998;2018;17;22;Japanese Grand Prix;Finished;Force India;Indian
2018-10-07;131;1;1005;24103;1;44.0;1;1;25.0;53;1:27:17.062;2.0;1:32.785;225.30700000000002;2018;17;22;Japanese Grand Prix;Finished;Mercedes;German
2018-10-07;1;11;1005;24117;838;2.0;19;15;0.0;52;;18.0;1:35.023;220.00099999999998;2018;17;22;Japanese Grand Prix;+1 Lap;McLaren;British
2018-10-07;210;130;1005;24122;825;20.0;12;20;0.0;8;;20.0;1:39.908;209.24400000000003;2018;17;22;Japanese Grand Prix;Collision damage;Haas F1 Team;American
2018-10-07;3;11;1005;24119;840;18.0;14;17;0.0;52;;5.0;1:33.354;223.93400000000003;2018;17;22;Japanese Grand Prix;+1 Lap;Williams;British
2018-10-07;3;11;1005;24118;845;35.0;17;16;0.0;52;;8.0;1:33.985;222.43099999999998;2018;17;22;Japanese Grand Prix;+1 Lap;Williams;British
2018-10-07;15;26;1005;24120;844;16.0;10;18;0.0;38;;13.0;1:34.515;221.183;2018;17;22;Japanese Grand Prix;Mechanical;Sauber;Swiss
2018-10-07;1;11;1005;24116;4;14.0;18;14;0.0;52;;7.0;1:33.943;222.53;2018;17;22;Japanese Grand Prix;+1 Lap;McLaren;British
2018-10-07;10;1;1005;24111;839;31.0;11;9;2.0;53;+1:28.055;14.0;1:34.670;220.821;2018;17;22;Japanese Grand Prix;Finished;Force India;Indian
2018-10-07;6;1;1005;24107;8;7.0;4;5;10.0;53;+50.998;12.0;1:34.223;221.86900000000003;2018;17;22;Japanese Grand Prix;Finished;Ferrari;Italian
2018-10-07;9;1;1005;24106;817;3.0;15;4;12.0;53;+19.495;4.0;1:33.187;224.33599999999998;2018;17;22;Japanese Grand Prix;Finished;Red Bull;Austrian
2018-10-07;210;1;1005;24110;154;8.0;5;8;4.0;53;+1:27.198;15.0;1:34.786;220.551;2018;17;22;Japanese Grand Prix;Finished;Haas F1 Team;American
2018-10-07;9;1;1005;24105;830;33.0;3;3;15.0;53;+14.295;6.0;1:33.367;223.903;2018;17;22;Japanese Grand Prix;Finished;Red Bull;Austrian
2018-10-07;4;5;1005;24121;807;27.0;16;19;0.0;37;;17.0;1:34.934;220.207;2018;17;22;Japanese Grand Prix;Engine;Renault;French
2018-10-07;4;11;1005;24112;832;55.0;13;10;1.0;52;;11.0;1:34.197;221.93;2018;17;22;Japanese Grand Prix;+1 Lap;Renault;French
2018-10-07;5;11;1005;24115;843;28.0;6;13;0.0;52;;16.0;1:34.857;220.386;2018;17;22;Japanese Grand Prix;+1 Lap;Toro Rosso;Italian
2018-10-07;5;11;1005;24113;842;10.0;7;11;0.0;52;;10.0;1:34.133;222.081;2018;17;22;Japanese Grand Prix;+1 Lap;Toro Rosso;Italian
2018-10-07;15;11;1005;24114;828;9.0;20;12;0.0;52;;19.0;1:36.294;217.097;2018;17;22;Japanese Grand Prix;+1 Lap;Sauber;Swiss
2018-10-07;6;1;1005;24108;20;5.0;8;6;8.0;53;+1:09.873;1.0;1:32.318;226.447;2018;17;22;Japanese Grand Prix;Finished;Ferrari;Italian
2018-10-21;15;11;1006;24132;828;9.0;16;10;1.0;55;;9.0;1:39.569;199.327;2018;18;69;United States Grand Prix;+1 Lap;Sauber;Swiss
2018-10-21;3;11;1006;24135;845;35.0;14;13;0.0;55;;7.0;1:39.240;199.987;2018;18;69;United States Grand Prix;+1 Lap;Williams;British
2018-10-21;1;11;1006;24133;838;2.0;17;11;0.0;55;;12.0;1:39.915;198.636;2018;18;69;United States Grand Prix;+1 Lap;McLaren;British
2018-10-21;210;130;1006;24139;154;8.0;8;17;0.0;2;;18.0;1:41.982;194.61;2018;18;69;United States Grand Prix;Collision damage;Haas F1 Team;American
2018-10-21;6;1;1006;24123;8;7.0;2;1;25.0;56;1:34:18.643;5.0;1:38.482;201.52700000000002;2018;18;69;United States Grand Prix;Finished;Ferrari;Italian
2018-10-21;5;11;1006;24131;843;28.0;20;9;2.0;55;;6.0;1:38.963;200.547;2018;18;69;United States Grand Prix;+1 Lap;Toro Rosso;Italian
2018-10-21;131;1;1006;24125;1;44.0;1;3;15.0;56;+2.342;1.0;1:37.392;203.782;2018;18;69;United States Grand Prix;Finished;Mercedes;German
2018-10-21;3;12;1006;24136;840;18.0;15;14;0.0;54;;10.0;1:39.646;199.173;2018;18;69;United States Grand Prix;+2 Laps;Williams;British
2018-10-21;1;4;1006;24140;4;14.0;13;18;0.0;1;;17.0;1:40.933;196.63299999999998;2018;18;69;United States Grand Prix;Collision;McLaren;British
2018-10-21;210;2;1006;24142;825;20.0;12;20;0.0;56;;0.0;;;2018;18;69;United States Grand Prix;Disqualified;Haas F1 Team;American
2018-10-21;131;1;1006;24127;822;77.0;3;5;10.0;56;+24.744;4.0;1:38.470;201.551;2018;18;69;United States Grand Prix;Finished;Mercedes;German
2018-10-21;9;1;1006;24124;830;33.0;18;2;18.0;56;+1.281;2.0;1:38.246;202.011;2018;18;69;United States Grand Prix;Finished;Red Bull;Austrian
2018-10-21;9;84;1006;24138;817;3.0;4;16;0.0;8;;15.0;1:40.433;197.612;2018;18;69;United States Grand Prix;Battery;Red Bull;Austrian
2018-10-21;4;1;1006;24128;807;27.0;7;6;8.0;56;+1:27.210;8.0;1:39.548;199.36900000000003;2018;18;69;United States Grand Prix;Finished;Renault;French
2018-10-21;4;1;1006;24129;832;55.0;11;7;6.0;56;+1:34.994;11.0;1:39.858;198.75;2018;18;69;United States Grand Prix;Finished;Renault;French
2018-10-21;10;2;1006;24141;839;31.0;6;19;0.0;56;;0.0;;;2018;18;69;United States Grand Prix;Disqualified;Force India;Indian
2018-10-21;6;1;1006;24126;20;5.0;5;4;12.0;56;+18.222;3.0;1:38.280;201.94099999999997;2018;18;69;United States Grand Prix;Finished;Ferrari;Italian
2018-10-21;10;1;1006;24130;815;11.0;10;8;4.0;56;+1:41.080;13.0;1:39.992;198.483;2018;18;69;United States Grand Prix;Finished;Force India;Indian
2018-10-21;15;130;1006;24137;844;16.0;9;15;0.0;31;;16.0;1:40.522;197.437;2018;18;69;United States Grand Prix;Collision damage;Sauber;Swiss
2018-10-21;5;11;1006;24134;842;10.0;19;12;0.0;55;;14.0;1:40.098;198.273;2018;18;69;United States Grand Prix;+1 Lap;Toro Rosso;Italian
2018-10-28;4;22;1007;24161;832;55.0;8;19;0.0;28;;12.0;1:22.386;188.07;2018;19;32;Mexican Grand Prix;Suspension;Renault;French
2018-10-28;4;12;1007;24148;807;27.0;7;6;8.0;69;;7.0;1:20.637;192.15;2018;19;32;Mexican Grand Prix;+2 Laps;Renault;French
2018-10-28;5;12;1007;24156;843;28.0;14;14;0.0;69;;13.0;1:22.438;187.952;2018;19;32;Mexican Grand Prix;+2 Laps;Toro Rosso;Italian
2018-10-28;10;23;1007;24160;815;11.0;13;18;0.0;38;;19.0;1:23.545;185.46099999999998;2018;19;32;Mexican Grand Prix;Brakes;Force India;Indian
2018-10-28;5;12;1007;24152;842;10.0;20;10;1.0;69;;17.0;1:22.755;187.232;2018;19;32;Mexican Grand Prix;+2 Laps;Toro Rosso;Italian
2018-10-28;131;11;1007;24147;822;77.0;5;5;10.0;70;;1.0;1:18.741;196.77599999999998;2018;19;32;Mexican Grand Prix;+1 Lap;Mercedes;German
2018-10-28;210;12;1007;24157;825;20.0;16;15;0.0;69;;10.0;1:21.874;189.24599999999998;2018;19;32;Mexican Grand Prix;+2 Laps;Haas F1 Team;American
2018-10-28;131;1;1007;24146;1;44.0;3;4;12.0;71;+1:18.738;8.0;1:20.728;191.933;2018;19;32;Mexican Grand Prix;Finished;Mercedes;German
2018-10-28;3;12;1007;24154;840;18.0;17;12;0.0;69;;18.0;1:22.983;186.717;2018;19;32;Mexican Grand Prix;+2 Laps;Williams;British
2018-10-28;10;12;1007;24153;839;31.0;11;11;0.0;69;;15.0;1:22.629;187.517;2018;19;32;Mexican Grand Prix;+2 Laps;Force India;Indian
2018-10-28;3;12;1007;24155;845;35.0;19;13;0.0;69;;16.0;1:22.640;187.49200000000002;2018;19;32;Mexican Grand Prix;+2 Laps;Williams;British
2018-10-28;9;5;1007;24159;817;3.0;1;17;0.0;61;;3.0;1:19.462;194.99099999999999;2018;19;32;Mexican Grand Prix;Engine;Red Bull;Austrian
2018-10-28;9;1;1007;24143;830;33.0;2;1;25.0;71;1:38:28.851;2.0;1:19.186;195.67;2018;19;32;Mexican Grand Prix;Finished;Red Bull;Austrian
2018-10-28;1;5;1007;24162;4;14.0;12;20;0.0;3;;20.0;1:24.197;184.025;2018;19;32;Mexican Grand Prix;Engine;McLaren;British
2018-10-28;15;12;1007;24151;828;9.0;10;9;2.0;69;;14.0;1:22.440;187.947;2018;19;32;Mexican Grand Prix;+2 Laps;Sauber;Swiss
2018-10-28;6;1;1007;24144;20;5.0;4;2;18.0;71;+17.316;4.0;1:19.522;194.84400000000002;2018;19;32;Mexican Grand Prix;Finished;Ferrari;Italian
2018-10-28;1;12;1007;24150;838;2.0;15;8;4.0;69;;11.0;1:21.921;189.138;2018;19;32;Mexican Grand Prix;+2 Laps;McLaren;British
2018-10-28;210;13;1007;24158;154;8.0;18;16;0.0;68;;9.0;1:21.370;190.419;2018;19;32;Mexican Grand Prix;+3 Laps;Haas F1 Team;American
2018-10-28;6;1;1007;24145;8;7.0;6;3;15.0;71;+49.914;5.0;1:20.334;192.87400000000002;2018;19;32;Mexican Grand Prix;Finished;Ferrari;Italian
2018-10-28;15;12;1007;24149;844;16.0;9;7;6.0;69;;6.0;1:20.537;192.388;2018;19;32;Mexican Grand Prix;+2 Laps;Sauber;Swiss
2018-11-11;6;1;1008;24165;8;7.0;4;3;15.0;71;+4.764s;6.0;1:11.769;216.143;2018;20;18;Brazilian Grand Prix;Finished;Ferrari;Italian
2018-11-11;3;12;1008;24178;845;35.0;14;16;0.0;69;;19.0;1:14.262;208.887;2018;20;18;Brazilian Grand Prix;+2 Laps;Williams;British
2018-11-11;6;1;1008;24168;20;5.0;2;6;8.0;71;+26.997s;2.0;1:10.831;219.005;2018;20;18;Brazilian Grand Prix;Finished;Ferrari;Italian
2018-11-11;9;1;1008;24166;817;3.0;11;4;12.0;71;+5.193s;3.0;1:11.343;217.43400000000003;2018;20;18;Brazilian Grand Prix;Finished;Red Bull;Austrian
2018-11-11;131;1;1008;24167;822;77.0;3;5;10.0;71;+22.943s;1.0;1:10.540;219.90900000000002;2018;20;18;Brazilian Grand Prix;Finished;Mercedes;German
2018-11-11;4;25;1008;24181;807;27.0;13;19;0.0;32;;18.0;1:14.029;209.544;2018;20;18;Brazilian Grand Prix;Overheating;Renault;French
2018-11-11;5;11;1008;24175;842;10.0;9;13;0.0;70;;17.0;1:13.822;210.132;2018;20;18;Brazilian Grand Prix;+1 Lap;Toro Rosso;Italian
2018-11-11;4;11;1008;24174;832;55.0;15;12;0.0;70;;9.0;1:12.169;214.945;2018;20;18;Brazilian Grand Prix;+1 Lap;Renault;French
2018-11-11;210;1;1008;24171;825;20.0;10;9;2.0;71;+52.857s;10.0;1:12.206;214.835;2018;20;18;Brazilian Grand Prix;Finished;Haas F1 Team;American
2018-11-11;210;1;1008;24170;154;8.0;8;8;4.0;71;+51.230s;12.0;1:12.362;214.372;2018;20;18;Brazilian Grand Prix;Finished;Haas F1 Team;American
2018-11-11;131;1;1008;24163;1;44.0;1;1;25.0;71;1:27:09.066;7.0;1:11.795;216.065;2018;20;18;Brazilian Grand Prix;Finished;Mercedes;German
2018-11-11;5;11;1008;24173;843;28.0;16;11;0.0;70;;15.0;1:12.949;212.64700000000002;2018;20;18;Brazilian Grand Prix;+1 Lap;Toro Rosso;Italian
2018-11-11;3;12;1008;24180;840;18.0;19;18;0.0;69;;5.0;1:11.751;216.197;2018;20;18;Brazilian Grand Prix;+2 Laps;Williams;British
2018-11-11;15;1;1008;24169;844;16.0;7;7;6.0;71;+44.199s;8.0;1:12.082;215.204;2018;20;18;Brazilian Grand Prix;Finished;Sauber;Swiss
2018-11-11;15;4;1008;24182;828;9.0;6;20;0.0;20;;20.0;1:15.281;206.05900000000003;2018;20;18;Brazilian Grand Prix;Collision;Sauber;Swiss
2018-11-11;1;11;1008;24176;838;2.0;20;14;0.0;70;;16.0;1:12.968;212.59099999999998;2018;20;18;Brazilian Grand Prix;+1 Lap;McLaren;British
2018-11-11;9;1;1008;24164;830;33.0;5;2;18.0;71;+1.469s;4.0;1:11.578;216.72;2018;20;18;Brazilian Grand Prix;Finished;Red Bull;Austrian
2018-11-11;1;12;1008;24179;4;14.0;17;17;0.0;69;;14.0;1:12.643;213.542;2018;20;18;Brazilian Grand Prix;+2 Laps;McLaren;British
2018-11-11;10;11;1008;24177;839;31.0;18;15;0.0;70;;11.0;1:12.352;214.40099999999998;2018;20;18;Brazilian Grand Prix;+1 Lap;Force India;Indian
2018-11-11;10;11;1008;24172;815;11.0;12;10;1.0;70;;13.0;1:12.472;214.046;2018;20;18;Brazilian Grand Prix;+1 Lap;Force India;Indian
2018-11-25;131;1;1009;24183;1;44.0;1;1;25.0;55;1:39:40.382;5.0;1:41.357;197.267;2018;21;24;Abu Dhabi Grand Prix;Finished;Mercedes;German
2018-11-25;131;1;1009;24187;822;77.0;2;5;10.0;55;+47.957;2.0;1:40.953;198.05599999999998;2018;21;24;Abu Dhabi Grand Prix;Finished;Mercedes;German
2018-11-25;3;11;1009;24197;845;35.0;19;15;0.0;54;;14.0;1:43.831;192.56599999999997;2018;21;24;Abu Dhabi Grand Prix;+1 Lap;Williams;British
2018-11-25;15;75;1009;24200;828;9.0;12;18;0.0;24;;19.0;1:46.077;188.489;2018;21;24;Abu Dhabi Grand Prix;Power loss;Sauber;Swiss
2018-11-25;3;11;1009;24195;840;18.0;20;13;0.0;54;;16.0;1:44.033;192.192;2018;21;24;Abu Dhabi Grand Prix;+1 Lap;Williams;British
2018-11-25;6;1;1009;24184;20;5.0;3;2;18.0;55;+2.581;1.0;1:40.867;198.225;2018;21;24;Abu Dhabi Grand Prix;Finished;Ferrari;Italian
2018-11-25;4;1;1009;24188;832;55.0;11;6;8.0;55;+1:12.548;4.0;1:41.351;197.278;2018;21;24;Abu Dhabi Grand Prix;Finished;Renault;French
2018-11-25;15;1;1009;24189;844;16.0;8;7;6.0;55;+1:30.789;10.0;1:42.876;194.354;2018;21;24;Abu Dhabi Grand Prix;Finished;Sauber;Swiss
2018-11-25;6;75;1009;24201;8;7.0;4;19;0.0;6;;18.0;1:45.198;190.06400000000002;2018;21;24;Abu Dhabi Grand Prix;Power loss;Ferrari;Italian
2018-11-25;5;5;1009;24198;842;10.0;17;16;0.0;46;;15.0;1:43.988;192.27599999999998;2018;21;24;Abu Dhabi Grand Prix;Engine;Toro Rosso;Italian
2018-11-25;210;11;1009;24192;825;20.0;13;10;1.0;54;;9.0;1:42.822;194.456;2018;21;24;Abu Dhabi Grand Prix;+1 Lap;Haas F1 Team;American
2018-11-25;5;11;1009;24194;843;28.0;16;12;0.0;54;;17.0;1:44.174;191.93200000000002;2018;21;24;Abu Dhabi Grand Prix;+1 Lap;Toro Rosso;Italian
2018-11-25;10;1;1009;24190;815;11.0;14;8;4.0;55;+1:31.275;8.0;1:42.816;194.467;2018;21;24;Abu Dhabi Grand Prix;Finished;Force India;Indian
2018-11-25;4;4;1009;24202;807;27.0;10;20;0.0;0;;0.0;;;2018;21;24;Abu Dhabi Grand Prix;Collision;Renault;French
2018-11-25;9;1;1009;24186;817;3.0;5;4;12.0;55;+15.379;3.0;1:41.249;197.477;2018;21;24;Abu Dhabi Grand Prix;Finished;Red Bull;Austrian
2018-11-25;9;1;1009;24185;830;33.0;6;3;15.0;55;+12.706;6.0;1:41.909;196.19799999999998;2018;21;24;Abu Dhabi Grand Prix;Finished;Red Bull;Austrian
2018-11-25;1;11;1009;24193;4;14.0;15;11;0.0;54;;7.0;1:42.393;195.271;2018;21;24;Abu Dhabi Grand Prix;+1 Lap;McLaren;British
2018-11-25;1;11;1009;24196;838;2.0;18;14;0.0;54;;12.0;1:43.249;193.65200000000002;2018;21;24;Abu Dhabi Grand Prix;+1 Lap;McLaren;British
2018-11-25;210;11;1009;24191;154;8.0;7;9;2.0;54;;11.0;1:43.195;193.753;2018;21;24;Abu Dhabi Grand Prix;+1 Lap;Haas F1 Team;American
2018-11-25;10;5;1009;24199;839;31.0;9;17;0.0;44;;13.0;1:43.591;193.012;2018;21;24;Abu Dhabi Grand Prix;Engine;Force India;Indian
